CATEGORY : FALSE CEILING SERVICES,,,,,,
company name,phone number,email,instagram,city,person of contact,contact 
Ss interior,9811998747,Ssinterior11@gmail.com,_ssinterior,Gurgaon,Asim Saifi ,verified 
,,,,,,
CATEGORY : FULL CONTRACTING SERVICES,,,,,,
company name,phone number,email,instagram,city,person of contact,contact 
Ss interior,9811998747,Ssinterior11@gmail.com,_ssinterior,Gurgaon,Asim Saifi ,verified 
,,,,,,
CATEGORY : HOME AUTOMATION SERVICES,,,,,,
company name,phone number,email,instagram,city,person of contact,contact 
Ss interior,9811998747,Ssinterior11@gmail.com,_ssinterior,Gurgaon,Asim Saifi ,verified 
,,,,,,
CATEGORY : HOME ORGANISATION SERVICES,,,,,,
company name,phone number,email,instagram,city,person of contact,contact 
Ss interior,9811998747,Ssinterior11@gmail.com,_ssinterior,Gurgaon,Asim Saifi ,verified 
,,,,,,
CATEGORY : INTERIOR DESIGNING SERVICES,,,,,,
company name,phone number,email,instagram,city,person of contact,contact 
Ss interior,9811998747,Ssinterior11@gmail.com,_ssinterior,Gurgaon,Asim Saifi ,verified 
,,,,,,
CATEGORY : HOME ORGANISATION SERVICES,,,,,,
company name,phone number,email,instagram,city,person of contact,contact 
Ss interior,9811998747,Ssinterior11@gmail.com,_ssinterior,Gurgaon,Asim Saifi ,verified 
,,,,,,
CATEGORY : LIGHTING CONSULTANT ,,,,,,
company name,phone number,email,instagram,city,person of contact,contact 
Ss interior,9811998747,Ssinterior11@gmail.com,_ssinterior,Gurgaon,Asim Saifi ,verified 
,,,,,,
CATEGORY : PAINTING SERVICES,,,,,,
company name,phone number,email,instagram,city,person of contact,contact 
Ss interior,9811998747,Ssinterior11@gmail.com,_ssinterior,Gurgaon,Asim Saifi ,verified 
,,,,,,
CATEGORY : PLUMBING SERVICES,,,,,,
company name,phone number,email,instagram,city,person of contact,contact 
Ss interior,9811998747,Ssinterior11@gmail.com,_ssinterior,Gurgaon,Asim Saifi ,verified 
,,,,,,
CATEGORY : INTERIOR DESIGNER SERVICES ,,,,,,
company name,phone number,email,instagram,city,person of contact,contact 
Silqe Design Studio ,78275 71013,aakanksha@silqedesign.in,silqedesign.in,"UG-45, M3M Prive, Sector-73, Gurugram 122101",Aakanksha,verified 
